kernel,in_ch,out_ch,stride,pad,height,width,tc1,tc2,time_ms
3,1,4,1,1,480,640,1,1,2.07222
3,1,4,1,1,480,640,1,2,1.06931
3,1,4,1,1,480,640,1,4,0.620714
3,1,4,1,1,480,640,1,8,0.419963
3,1,4,1,1,480,640,1,16,0.208906
3,1,4,1,1,480,640,1,32,0.208915
3,1,4,1,1,480,640,1,64,0.188211
3,1,4,1,1,480,640,1,128,0.209562
3,1,4,1,1,480,640,2,1,0.928184
3,1,4,1,1,480,640,2,2,0.517009
3,1,4,1,1,480,640,2,4,0.311542
3,1,4,1,1,480,640,2,8,0.208476
3,1,4,1,1,480,640,2,16,0.105359
3,1,4,1,1,480,640,2,32,0.0948941
3,1,4,1,1,480,640,2,64,0.109519
3,1,4,1,1,480,640,2,128,0.12492
3,1,4,1,1,480,640,4,1,0.465142
3,1,4,1,1,480,640,4,2,0.2594
3,1,4,1,1,480,640,4,4,0.156672
3,1,4,1,1,480,640,4,8,0.105024
3,1,4,1,1,480,640,4,16,0.0482099
3,1,4,1,1,480,640,4,32,0.0533811
3,1,4,1,1,480,640,4,64,0.0727987
3,1,4,1,1,480,640,4,128,0.159611
3,1,4,1,1,480,640,8,1,0.232284
3,1,4,1,1,480,640,8,2,0.129577
3,1,4,1,1,480,640,8,4,0.0782541
3,1,4,1,1,480,640,8,8,0.049111
3,1,4,1,1,480,640,8,16,0.037847
3,1,4,1,1,480,640,8,32,0.0453325
3,1,4,1,1,480,640,8,64,0.0813978
3,1,4,1,1,480,640,8,128,0.29933
3,1,4,1,1,480,640,16,1,0.103905
3,1,4,1,1,480,640,16,2,0.0596992
3,1,4,1,1,480,640,16,4,0.0458854
3,1,4,1,1,480,640,16,8,0.0391373
3,1,4,1,1,480,640,16,16,0.0381542
3,1,4,1,1,480,640,16,32,0.0471142
3,1,4,1,1,480,640,16,64,0.167311
3,1,4,1,1,480,640,32,1,0.0935834
3,1,4,1,1,480,640,32,2,0.0758886
3,1,4,1,1,480,640,32,4,0.0529818
3,1,4,1,1,480,640,32,8,0.0401101
3,1,4,1,1,480,640,32,16,0.0430285
3,1,4,1,1,480,640,32,32,0.0958566
3,1,4,1,1,480,640,64,1,0.0945459
3,1,4,1,1,480,640,64,2,0.0784794
3,1,4,1,1,480,640,64,4,0.0508048
3,1,4,1,1,480,640,64,8,0.0434688
3,1,4,1,1,480,640,64,16,0.0619418
3,1,4,1,1,480,640,128,1,0.0944128
3,1,4,1,1,480,640,128,2,0.0722227
3,1,4,1,1,480,640,128,4,0.0585933
3,1,4,1,1,480,640,128,8,0.0618534
3,4,8,2,1,480,640,1,1,1.89021
3,4,8,2,1,480,640,1,2,0.936537
3,4,8,2,1,480,640,1,4,0.46722
3,4,8,2,1,480,640,1,8,0.260895
3,4,8,2,1,480,640,1,16,0.157583
3,4,8,2,1,480,640,1,32,0.105615
3,4,8,2,1,480,640,1,64,0.0484045
3,4,8,2,1,480,640,1,128,0.0538378
3,4,8,2,1,480,640,2,1,0.930519
3,4,8,2,1,480,640,2,2,0.466729
3,4,8,2,1,480,640,2,4,0.234496
3,4,8,2,1,480,640,2,8,0.131338
3,4,8,2,1,480,640,2,16,0.0794272
3,4,8,2,1,480,640,2,32,0.0486502
3,4,8,2,1,480,640,2,64,0.0374477
3,4,8,2,1,480,640,2,128,0.0454042
3,4,8,2,1,480,640,4,1,0.465828
3,4,8,2,1,480,640,4,2,0.234094
3,4,8,2,1,480,640,4,4,0.118016
3,4,8,2,1,480,640,4,8,0.0662835
3,4,8,2,1,480,640,4,16,0.0367866
3,4,8,2,1,480,640,4,32,0.0359936
3,4,8,2,1,480,640,4,64,0.0331571
3,4,8,2,1,480,640,4,128,0.0461722
3,4,8,2,1,480,640,8,1,0.234113
3,4,8,2,1,480,640,8,2,0.114401
3,4,8,2,1,480,640,8,4,0.0573747
3,4,8,2,1,480,640,8,8,0.0353178
3,4,8,2,1,480,640,8,16,0.0335427
3,4,8,2,1,480,640,8,32,0.0354259
3,4,8,2,1,480,640,8,64,0.0366797
3,4,8,2,1,480,640,8,128,0.0965837
3,4,8,2,1,480,640,16,1,0.144435
3,4,8,2,1,480,640,16,2,0.0739226
3,4,8,2,1,480,640,16,4,0.0669594
3,4,8,2,1,480,640,16,8,0.058921
3,4,8,2,1,480,640,16,16,0.045695
3,4,8,2,1,480,640,16,32,0.0434483
3,4,8,2,1,480,640,16,64,0.0623411
3,4,8,2,1,480,640,32,1,0.143821
3,4,8,2,1,480,640,32,2,0.143831
3,4,8,2,1,480,640,32,4,0.144577
3,4,8,2,1,480,640,32,8,0.144783
3,4,8,2,1,480,640,32,16,0.145859
3,4,8,2,1,480,640,32,32,0.154337
3,4,8,2,1,480,640,64,1,0.143728
3,4,8,2,1,480,640,64,2,0.143649
3,4,8,2,1,480,640,64,4,0.144466
3,4,8,2,1,480,640,64,8,0.144895
3,4,8,2,1,480,640,64,16,0.146688
3,4,8,2,1,480,640,128,1,0.147719
3,4,8,2,1,480,640,128,2,0.145063
3,4,8,2,1,480,640,128,4,0.144497
3,4,8,2,1,480,640,128,8,0.144896
3,8,8,1,1,240,320,1,1,3.72924
3,8,8,1,1,240,320,1,2,1.86935
3,8,8,1,1,240,320,1,4,0.937251
3,8,8,1,1,240,320,1,8,0.468091
3,8,8,1,1,240,320,1,16,0.261704
3,8,8,1,1,240,320,1,32,0.158116
3,8,8,1,1,240,320,1,64,0.0962048
3,8,8,1,1,240,320,1,128,0.0737485
3,8,8,1,1,240,320,2,1,1.85981
3,8,8,1,1,240,320,2,2,0.929929
3,8,8,1,1,240,320,2,4,0.467272
3,8,8,1,1,240,320,2,8,0.240527
3,8,8,1,1,240,320,2,16,0.131748
3,8,8,1,1,240,320,2,32,0.0718979
3,8,8,1,1,240,320,2,64,0.0704202
3,8,8,1,1,240,320,2,128,0.0647782
3,8,8,1,1,240,320,4,1,0.927683
3,8,8,1,1,240,320,4,2,0.465152
3,8,8,1,1,240,320,4,4,0.234252
3,8,8,1,1,240,320,4,8,0.118538
3,8,8,1,1,240,320,4,16,0.0600451
3,8,8,1,1,240,320,4,32,0.0586957
3,8,8,1,1,240,320,4,64,0.0631091
3,8,8,1,1,240,320,4,128,0.0711843
3,8,8,1,1,240,320,8,1,0.459554
3,8,8,1,1,240,320,8,2,0.227041
3,8,8,1,1,240,320,8,4,0.113487
3,8,8,1,1,240,320,8,8,0.0624845
3,8,8,1,1,240,320,8,16,0.0617062
3,8,8,1,1,240,320,8,32,0.0647475
3,8,8,1,1,240,320,8,64,0.0821379
3,8,8,1,1,240,320,8,128,0.131698
3,8,8,1,1,240,320,16,1,0.291041
3,8,8,1,1,240,320,16,2,0.14507
3,8,8,1,1,240,320,16,4,0.133687
3,8,8,1,1,240,320,16,8,0.113029
3,8,8,1,1,240,320,16,16,0.0882381
3,8,8,1,1,240,320,16,32,0.0822285
3,8,8,1,1,240,320,16,64,0.121588
3,8,8,1,1,240,320,32,1,0.292301
3,8,8,1,1,240,320,32,2,0.284467
3,8,8,1,1,240,320,32,4,0.285645
3,8,8,1,1,240,320,32,8,0.288543
3,8,8,1,1,240,320,32,16,0.288471
3,8,8,1,1,240,320,32,32,0.292127
3,8,8,1,1,240,320,64,1,0.285153
3,8,8,1,1,240,320,64,2,0.284396
3,8,8,1,1,240,320,64,4,0.2846
3,8,8,1,1,240,320,64,8,0.28671
3,8,8,1,1,240,320,64,16,0.293335
3,8,8,1,1,240,320,128,1,0.285041
3,8,8,1,1,240,320,128,2,0.285071
3,8,8,1,1,240,320,128,4,0.284324
3,8,8,1,1,240,320,128,8,0.286925
3,8,24,2,1,240,320,1,1,0.956785
3,8,24,2,1,240,320,1,2,0.46536
3,8,24,2,1,240,320,1,4,0.234189
3,8,24,2,1,240,320,1,8,0.118149
3,8,24,2,1,240,320,1,16,0.0665498
3,8,24,2,1,240,320,1,32,0.0406426
3,8,24,2,1,240,320,1,64,0.025129
3,8,24,2,1,240,320,1,128,0.0195578
3,8,24,2,1,240,320,2,1,0.464968
3,8,24,2,1,240,320,2,2,0.233893
3,8,24,2,1,240,320,2,4,0.117907
3,8,24,2,1,240,320,2,8,0.059863
3,8,24,2,1,240,320,2,16,0.0339968
3,8,24,2,1,240,320,2,32,0.0191078
3,8,24,2,1,240,320,2,64,0.0186813
3,8,24,2,1,240,320,2,128,0.0172237
3,8,24,2,1,240,320,4,1,0.23382
3,8,24,2,1,240,320,4,2,0.117744
3,8,24,2,1,240,320,4,4,0.0597133
3,8,24,2,1,240,320,4,8,0.0306934
3,8,24,2,1,240,320,4,16,0.0161894
3,8,24,2,1,240,320,4,32,0.015767
3,8,24,2,1,240,320,4,64,0.0168448
3,8,24,2,1,240,320,4,128,0.0188211
3,8,24,2,1,240,320,8,1,0.114678
3,8,24,2,1,240,320,8,2,0.0577946
3,8,24,2,1,240,320,8,4,0.0293376
3,8,24,2,1,240,320,8,8,0.0165274
3,8,24,2,1,240,320,8,16,0.0163635
3,8,24,2,1,240,320,8,32,0.0169472
3,8,24,2,1,240,320,8,64,0.0198246
3,8,24,2,1,240,320,8,128,0.0318198
3,8,24,2,1,240,320,16,1,0.0727245
3,8,24,2,1,240,320,16,2,0.0375194
3,8,24,2,1,240,320,16,4,0.0337715
3,8,24,2,1,240,320,16,8,0.0279978
3,8,24,2,1,240,320,16,16,0.0222618
3,8,24,2,1,240,320,16,32,0.0208426
3,8,24,2,1,240,320,16,64,0.0312218
3,8,24,2,1,240,320,32,1,0.0723136
3,8,24,2,1,240,320,32,2,0.0720576
3,8,24,2,1,240,320,32,4,0.072137
3,8,24,2,1,240,320,32,8,0.072919
3,8,24,2,1,240,320,32,16,0.0730112
3,8,24,2,1,240,320,32,32,0.0742195
3,8,24,2,1,240,320,64,1,0.0723558
3,8,24,2,1,240,320,64,2,0.0720589
3,8,24,2,1,240,320,64,4,0.0719872
3,8,24,2,1,240,320,64,8,0.072704
3,8,24,2,1,240,320,64,16,0.0734925
3,8,24,2,1,240,320,128,1,0.0723354
3,8,24,2,1,240,320,128,2,0.071896
3,8,24,2,1,240,320,128,4,0.0720384
3,8,24,2,1,240,320,128,8,0.0734515
1,1,24,1,0,120,160,1,1,0.0142992
1,1,24,1,0,120,160,1,2,0.014377
1,1,24,1,0,120,160,1,4,0.014377
1,1,24,1,0,120,160,1,8,0.0143667
1,1,24,1,0,120,160,1,16,0.014383
1,1,24,1,0,120,160,1,32,0.0143872
1,1,24,1,0,120,160,1,64,0.0131482
1,1,24,1,0,120,160,1,128,0.018135
1,1,24,1,0,120,160,2,1,0.00785408
1,1,24,1,0,120,160,2,2,0.00786432
1,1,24,1,0,120,160,2,4,0.00786432
1,1,24,1,0,120,160,2,8,0.00787456
1,1,24,1,0,120,160,2,16,0.007864
1,1,24,1,0,120,160,2,32,0.00730112
1,1,24,1,0,120,160,2,64,0.00980992
1,1,24,1,0,120,160,2,128,0.00999424
1,1,24,1,0,120,160,4,1,0.0046592
1,1,24,1,0,120,160,4,2,0.00466944
1,1,24,1,0,120,160,4,4,0.00466848
1,1,24,1,0,120,160,4,8,0.0046592
1,1,24,1,0,120,160,4,16,0.00434176
1,1,24,1,0,120,160,4,32,0.0055296
1,1,24,1,0,120,160,4,64,0.00602112
1,1,24,1,0,120,160,4,128,0.0127939
1,1,24,1,0,120,160,8,1,0.0030208
1,1,24,1,0,120,160,8,2,0.00304128
1,1,24,1,0,120,160,8,4,0.00304576
1,1,24,1,0,120,160,8,8,0.00289792
1,1,24,1,0,120,160,8,16,0.0036864
1,1,24,1,0,120,160,8,32,0.0039424
1,1,24,1,0,120,160,8,64,0.00723936
1,1,24,1,0,120,160,8,128,0.0197414
1,1,24,1,0,120,160,16,1,0.00226304
1,1,24,1,0,120,160,16,2,0.00227328
1,1,24,1,0,120,160,16,4,0.0021504
1,1,24,1,0,120,160,16,8,0.00247392
1,1,24,1,0,120,160,16,16,0.0027648
1,1,24,1,0,120,160,16,32,0.00431232
1,1,24,1,0,120,160,16,64,0.0105885
1,1,24,1,0,120,160,32,1,0.001792
1,1,24,1,0,120,160,32,2,0.00181248
1,1,24,1,0,120,160,32,4,0.00191488
1,1,24,1,0,120,160,32,8,0.00214016
1,1,24,1,0,120,160,32,16,0.002816
1,1,24,1,0,120,160,32,32,0.00588864
1,1,24,1,0,120,160,64,1,0.00160768
1,1,24,1,0,120,160,64,2,0.00162816
1,1,24,1,0,120,160,64,4,0.0018944
1,1,24,1,0,120,160,64,8,0.00214016
1,1,24,1,0,120,160,64,16,0.00356352
1,1,24,1,0,120,160,128,1,0.00156672
1,1,24,1,0,120,160,128,2,0.00191488
1,1,24,1,0,120,160,128,4,0.00178176
1,1,24,1,0,120,160,128,8,0.00243936
3,24,24,1,1,120,160,1,1,2.75836
3,24,24,1,1,120,160,1,2,1.37868
3,24,24,1,1,120,160,1,4,0.702044
3,24,24,1,1,120,160,1,8,0.351245
3,24,24,1,1,120,160,1,16,0.183562
3,24,24,1,1,120,160,1,32,0.0926413
3,24,24,1,1,120,160,1,64,0.0495923
3,24,24,1,1,120,160,1,128,0.048672
3,24,24,1,1,120,160,2,1,1.3796
3,24,24,1,1,120,160,2,2,0.706243
3,24,24,1,1,120,160,2,4,0.350771
3,24,24,1,1,120,160,2,8,0.176691
3,24,24,1,1,120,160,2,16,0.092631
3,24,24,1,1,120,160,2,32,0.0425574
3,24,24,1,1,120,160,2,64,0.0430752
3,24,24,1,1,120,160,2,128,0.0441139
3,24,24,1,1,120,160,4,1,0.692378
3,24,24,1,1,120,160,4,2,0.34942
3,24,24,1,1,120,160,4,4,0.181741
3,24,24,1,1,120,160,4,8,0.0892928
3,24,24,1,1,120,160,4,16,0.0426144
3,24,24,1,1,120,160,4,32,0.0406016
3,24,24,1,1,120,160,4,64,0.041769
3,24,24,1,1,120,160,4,128,0.0466125
3,24,24,1,1,120,160,8,1,0.339732
3,24,24,1,1,120,160,8,2,0.170485
3,24,24,1,1,120,160,8,4,0.0856371
3,24,24,1,1,120,160,8,8,0.0475347
3,24,24,1,1,120,160,8,16,0.0465306
3,24,24,1,1,120,160,8,32,0.0476262
3,24,24,1,1,120,160,8,64,0.0509542
3,24,24,1,1,120,160,8,128,0.0760422
3,24,24,1,1,120,160,16,1,0.216717
3,24,24,1,1,120,160,16,2,0.116142
3,24,24,1,1,120,160,16,4,0.110797
3,24,24,1,1,120,160,16,8,0.0911667
3,24,24,1,1,120,160,16,16,0.0727859
3,24,24,1,1,120,160,16,32,0.0688026
3,24,24,1,1,120,160,16,64,0.0870502
3,24,24,1,1,120,160,32,1,0.22271
3,24,24,1,1,120,160,32,2,0.235141
3,24,24,1,1,120,160,32,4,0.230984
3,24,24,1,1,120,160,32,8,0.230472
3,24,24,1,1,120,160,32,16,0.230124
3,24,24,1,1,120,160,32,32,0.237609
3,24,24,1,1,120,160,64,1,0.23168
3,24,24,1,1,120,160,64,2,0.226499
3,24,24,1,1,120,160,64,4,0.232438
3,24,24,1,1,120,160,64,8,0.226509
3,24,24,1,1,120,160,64,16,0.237343
3,24,24,1,1,120,160,128,1,0.228403
3,24,24,1,1,120,160,128,2,0.236759
3,24,24,1,1,120,160,128,4,0.228035
3,24,24,1,1,120,160,128,8,0.235958
3,24,64,2,1,120,160,1,1,0.739368
3,24,64,2,1,120,160,1,2,0.37876
3,24,64,2,1,120,160,1,4,0.186388
3,24,64,2,1,120,160,1,8,0.0916189
3,24,64,2,1,120,160,1,16,0.0470016
3,24,64,2,1,120,160,1,32,0.0258253
3,24,64,2,1,120,160,1,64,0.0132915
3,24,64,2,1,120,160,1,128,0.0124621
3,24,64,2,1,120,160,2,1,0.3699
3,24,64,2,1,120,160,2,2,0.189471
3,24,64,2,1,120,160,2,4,0.0903066
3,24,64,2,1,120,160,2,8,0.053289
3,24,64,2,1,120,160,2,16,0.0242525
3,24,64,2,1,120,160,2,32,0.011776
3,24,64,2,1,120,160,2,64,0.0117386
3,24,64,2,1,120,160,2,128,0.0118989
3,24,64,2,1,120,160,4,1,0.185426
3,24,64,2,1,120,160,4,2,0.0971469
3,24,64,2,1,120,160,4,4,0.0467558
3,24,64,2,1,120,160,4,8,0.0234086
3,24,64,2,1,120,160,4,16,0.0117658
3,24,64,2,1,120,160,4,32,0.0112214
3,24,64,2,1,120,160,4,64,0.0114688
3,24,64,2,1,120,160,4,128,0.0130765
3,24,64,2,1,120,160,8,1,0.0880538
3,24,64,2,1,120,160,8,2,0.045752
3,24,64,2,1,120,160,8,4,0.0276867
3,24,64,2,1,120,160,8,8,0.012784
3,24,64,2,1,120,160,8,16,0.0125952
3,24,64,2,1,120,160,8,32,0.0127898
3,24,64,2,1,120,160,8,64,0.0129706
3,24,64,2,1,120,160,8,128,0.020224
3,24,64,2,1,120,160,16,1,0.0556134
3,24,64,2,1,120,160,16,2,0.0351232
3,24,64,2,1,120,160,16,4,0.026327
3,24,64,2,1,120,160,16,8,0.0241254
3,24,64,2,1,120,160,16,16,0.0185856
3,24,64,2,1,120,160,16,32,0.0177462
3,24,64,2,1,120,160,16,64,0.0228557
3,24,64,2,1,120,160,32,1,0.0647373
3,24,64,2,1,120,160,32,2,0.0573645
3,24,64,2,1,120,160,32,4,0.0580301
3,24,64,2,1,120,160,32,8,0.061184
3,24,64,2,1,120,160,32,16,0.057385
3,24,64,2,1,120,160,32,32,0.0654438
3,24,64,2,1,120,160,64,1,0.0572109
3,24,64,2,1,120,160,64,2,0.0556237
3,24,64,2,1,120,160,64,4,0.0621555
3,24,64,2,1,120,160,64,8,0.0572445
3,24,64,2,1,120,160,64,16,0.0590131
3,24,64,2,1,120,160,128,1,0.0559718
3,24,64,2,1,120,160,128,2,0.0572314
3,24,64,2,1,120,160,128,4,0.0646451
3,24,64,2,1,120,160,128,8,0.0578355
3,64,64,1,1,60,80,1,1,1.83016
3,64,64,1,1,60,80,1,2,0.921511
3,64,64,1,1,60,80,1,4,0.466984
3,64,64,1,1,60,80,1,8,0.234496
3,64,64,1,1,60,80,1,16,0.118399
3,64,64,1,1,60,80,1,32,0.0599245
3,64,64,1,1,60,80,1,64,0.0287949
3,64,64,1,1,60,80,1,128,0.0319693
3,64,64,1,1,60,80,2,1,0.916152
3,64,64,1,1,60,80,2,2,0.468204
3,64,64,1,1,60,80,2,4,0.233882
3,64,64,1,1,60,80,2,8,0.118231
3,64,64,1,1,60,80,2,16,0.0600202
3,64,64,1,1,60,80,2,32,0.0279347
3,64,64,1,1,60,80,2,64,0.0279245
3,64,64,1,1,60,80,2,128,0.028832
3,64,64,1,1,60,80,4,1,0.460431
3,64,64,1,1,60,80,4,2,0.232109
3,64,64,1,1,60,80,4,4,0.117852
3,64,64,1,1,60,80,4,8,0.0600458
3,64,64,1,1,60,80,4,16,0.0307539
3,64,64,1,1,60,80,4,32,0.0275354
3,64,64,1,1,60,80,4,64,0.0277402
3,64,64,1,1,60,80,4,128,0.0337437
3,64,64,1,1,60,80,8,1,0.228936
3,64,64,1,1,60,80,8,2,0.113766
3,64,64,1,1,60,80,8,4,0.0569754
3,64,64,1,1,60,80,8,8,0.0323584
3,64,64,1,1,60,80,8,16,0.0313958
3,64,64,1,1,60,80,8,32,0.0311091
3,64,64,1,1,60,80,8,64,0.0334643
3,64,64,1,1,60,80,8,128,0.049879
3,64,64,1,1,60,80,16,1,0.152197
3,64,64,1,1,60,80,16,2,0.0770765
3,64,64,1,1,60,80,16,4,0.0720077
3,64,64,1,1,60,80,16,8,0.0623411
3,64,64,1,1,60,80,16,16,0.0474339
3,64,64,1,1,60,80,16,32,0.0347546
3,64,64,1,1,60,80,16,64,0.0625459
3,64,64,1,1,60,80,32,1,0.153088
3,64,64,1,1,60,80,32,2,0.15234
3,64,64,1,1,60,80,32,4,0.152187
3,64,64,1,1,60,80,32,8,0.15232
3,64,64,1,1,60,80,32,16,0.15316
3,64,64,1,1,60,80,32,32,0.159508
3,64,64,1,1,60,80,64,1,0.152924
3,64,64,1,1,60,80,64,2,0.152259
3,64,64,1,1,60,80,64,4,0.15189
3,64,64,1,1,60,80,64,8,0.151894
3,64,64,1,1,60,80,64,16,0.153999
3,64,64,1,1,60,80,128,1,0.15288
3,64,64,1,1,60,80,128,2,0.157488
3,64,64,1,1,60,80,128,4,0.151603
3,64,64,1,1,60,80,128,8,0.1523
1,64,64,1,0,60,80,1,1,0.214456
1,64,64,1,0,60,80,1,2,0.115517
1,64,64,1,0,60,80,1,4,0.053463
1,64,64,1,0,60,80,1,8,0.0302182
1,64,64,1,0,60,80,1,16,0.0145306
1,64,64,1,0,60,80,1,32,0.00793696
1,64,64,1,0,60,80,1,64,0.00715776
1,64,64,1,0,60,80,1,128,0.00774144
1,64,64,1,0,60,80,2,1,0.106629
1,64,64,1,0,60,80,2,2,0.0533709
1,64,64,1,0,60,80,2,4,0.0274618
1,64,64,1,0,60,80,2,8,0.0144589
1,64,64,1,0,60,80,2,16,0.00793248
1,64,64,1,0,60,80,2,32,0.00467968
1,64,64,1,0,60,80,2,64,0.00551936
1,64,64,1,0,60,80,2,128,0.00573248
1,64,64,1,0,60,80,4,1,0.0532992
1,64,64,1,0,60,80,4,2,0.0273981
1,64,64,1,0,60,80,4,4,0.0144003
1,64,64,1,0,60,80,4,8,0.00799744
1,64,64,1,0,60,80,4,16,0.00440704
1,64,64,1,0,60,80,4,32,0.00441344
1,64,64,1,0,60,80,4,64,0.00443776
1,64,64,1,0,60,80,4,128,0.00515072
1,64,64,1,0,60,80,8,1,0.0264397
1,64,64,1,0,60,80,8,2,0.0136886
1,64,64,1,0,60,80,8,4,0.00730112
1,64,64,1,0,60,80,8,8,0.00524288
1,64,64,1,0,60,80,8,16,0.00509856
1,64,64,1,0,60,80,8,32,0.00507712
1,64,64,1,0,60,80,8,64,0.00541696
1,64,64,1,0,60,80,8,128,0.00856064
1,64,64,1,0,60,80,16,1,0.0173158
1,64,64,1,0,60,80,16,2,0.00955392
1,64,64,1,0,60,80,16,4,0.00903264
1,64,64,1,0,60,80,16,8,0.00768064
1,64,64,1,0,60,80,16,16,0.0063488
1,64,64,1,0,60,80,16,32,0.00485376
1,64,64,1,0,60,80,16,64,0.0085504
1,64,64,1,0,60,80,32,1,0.0171814
1,64,64,1,0,60,80,32,2,0.0173293
1,64,64,1,0,60,80,32,4,0.0173773
1,64,64,1,0,60,80,32,8,0.0174592
1,64,64,1,0,60,80,32,16,0.0177766
1,64,64,1,0,60,80,32,32,0.0187712
1,64,64,1,0,60,80,64,1,0.0172544
1,64,64,1,0,60,80,64,2,0.0172749
1,64,64,1,0,60,80,64,4,0.0173568
1,64,64,1,0,60,80,64,8,0.0175648
1,64,64,1,0,60,80,64,16,0.0190054
1,64,64,1,0,60,80,128,1,0.0172368
1,64,64,1,0,60,80,128,2,0.0173056
1,64,64,1,0,60,80,128,4,0.017449
1,64,64,1,0,60,80,128,8,0.018705
3,64,64,2,1,60,80,1,1,0.48421
3,64,64,2,1,60,80,1,2,0.234383
3,64,64,2,1,60,80,1,4,0.117897
3,64,64,2,1,60,80,1,8,0.0597606
3,64,64,2,1,60,80,1,16,0.0306749
3,64,64,2,1,60,80,1,32,0.0161002
3,64,64,2,1,60,80,1,64,0.00821248
3,64,64,2,1,60,80,1,128,0.00881664
3,64,64,2,1,60,80,2,1,0.236705
3,64,64,2,1,60,80,2,2,0.117195
3,64,64,2,1,60,80,2,4,0.059647
3,64,64,2,1,60,80,2,8,0.0306176
3,64,64,2,1,60,80,2,16,0.0160154
3,64,64,2,1,60,80,2,32,0.0080592
3,64,64,2,1,60,80,2,64,0.0080384
3,64,64,2,1,60,80,2,128,0.00817152
3,64,64,2,1,60,80,4,1,0.117388
3,64,64,2,1,60,80,4,2,0.0595558
3,64,64,2,1,60,80,4,4,0.0306074
3,64,64,2,1,60,80,4,8,0.016023
3,64,64,2,1,60,80,4,16,0.00812032
3,64,64,2,1,60,80,4,32,0.00790528
3,64,64,2,1,60,80,4,64,0.00794624
3,64,64,2,1,60,80,4,128,0.00869376
3,64,64,2,1,60,80,8,1,0.0575693
3,64,64,2,1,60,80,8,2,0.0293888
3,64,64,2,1,60,80,8,4,0.0152166
3,64,64,2,1,60,80,8,8,0.00923424
3,64,64,2,1,60,80,8,16,0.0089088
3,64,64,2,1,60,80,8,32,0.00867328
3,64,64,2,1,60,80,8,64,0.00889856
3,64,64,2,1,60,80,8,128,0.013783
3,64,64,2,1,60,80,16,1,0.0409293
3,64,64,2,1,60,80,16,2,0.0210819
3,64,64,2,1,60,80,16,4,0.0193331
3,64,64,2,1,60,80,16,8,0.0164246
3,64,64,2,1,60,80,16,16,0.0128922
3,64,64,2,1,60,80,16,32,0.00984064
3,64,64,2,1,60,80,16,64,0.0168448
3,64,64,2,1,60,80,32,1,0.041472
3,64,64,2,1,60,80,32,2,0.0411443
3,64,64,2,1,60,80,32,4,0.0410214
3,64,64,2,1,60,80,32,8,0.0409395
3,64,64,2,1,60,80,32,16,0.0411219
3,64,64,2,1,60,80,32,32,0.0417894
3,64,64,2,1,60,80,64,1,0.0414515
3,64,64,2,1,60,80,64,2,0.041175
3,64,64,2,1,60,80,64,4,0.0410419
3,64,64,2,1,60,80,64,8,0.0410112
3,64,64,2,1,60,80,64,16,0.0415744
3,64,64,2,1,60,80,128,1,0.0414413
3,64,64,2,1,60,80,128,2,0.0410931
3,64,64,2,1,60,80,128,4,0.0410112
3,64,64,2,1,60,80,128,8,0.0412877
3,64,64,1,1,30,40,1,1,0.473682
3,64,64,1,1,30,40,1,2,0.232888
3,64,64,1,1,30,40,1,4,0.116972
3,64,64,1,1,30,40,1,8,0.0596669
3,64,64,1,1,30,40,1,16,0.0306384
3,64,64,1,1,30,40,1,32,0.0159027
3,64,64,1,1,30,40,1,64,0.008192
3,64,64,1,1,30,40,1,128,0.008448
3,64,64,1,1,30,40,2,1,0.227072
3,64,64,1,1,30,40,2,2,0.115968
3,64,64,1,1,30,40,2,4,0.059543
3,64,64,1,1,30,40,2,8,0.0306074
3,64,64,1,1,30,40,2,16,0.0160154
3,64,64,1,1,30,40,2,32,0.00804864
3,64,64,1,1,30,40,2,64,0.00801984
3,64,64,1,1,30,40,2,128,0.008192
3,64,64,1,1,30,40,4,1,0.115876
3,64,64,1,1,30,40,4,2,0.0592426
3,64,64,1,1,30,40,4,4,0.0305926
3,64,64,1,1,30,40,4,8,0.0160358
3,64,64,1,1,30,40,4,16,0.00808128
3,64,64,1,1,30,40,4,32,0.00792576
3,64,64,1,1,30,40,4,64,0.00797696
3,64,64,1,1,30,40,4,128,0.00872512
3,64,64,1,1,30,40,8,1,0.057385
3,64,64,1,1,30,40,8,2,0.0292659
3,64,64,1,1,30,40,8,4,0.0152576
3,64,64,1,1,30,40,8,8,0.00928768
3,64,64,1,1,30,40,8,16,0.00899072
3,64,64,1,1,30,40,8,32,0.00885536
3,64,64,1,1,30,40,8,64,0.00903136
3,64,64,1,1,30,40,8,128,0.013783
3,64,64,1,1,30,40,16,1,0.042025
3,64,64,1,1,30,40,16,2,0.021463
3,64,64,1,1,30,40,16,4,0.0198797
3,64,64,1,1,30,40,16,8,0.0168448
3,64,64,1,1,30,40,16,16,0.0129984
3,64,64,1,1,30,40,16,32,0.00990208
3,64,64,1,1,30,40,16,64,0.0175718
3,64,64,1,1,30,40,32,1,0.0424141
3,64,64,1,1,30,40,32,2,0.0439296
3,64,64,1,1,30,40,32,4,0.0421581
3,64,64,1,1,30,40,32,8,0.0492134
3,64,64,1,1,30,40,32,16,0.0438355
3,64,64,1,1,30,40,32,32,0.0429875
3,64,64,1,1,30,40,64,1,0.0514323
3,64,64,1,1,30,40,64,2,0.0421786
3,64,64,1,1,30,40,64,4,0.0437248
3,64,64,1,1,30,40,64,8,0.0421059
3,64,64,1,1,30,40,64,16,0.04864
3,64,64,1,1,30,40,128,1,0.0436326
3,64,64,1,1,30,40,128,2,0.0421069
3,64,64,1,1,30,40,128,4,0.0442346
3,64,64,1,1,30,40,128,8,0.0423526
3,64,128,2,1,30,40,1,1,0.11995
3,64,128,2,1,30,40,1,2,0.0606413
3,64,128,2,1,30,40,1,4,0.030471
3,64,128,2,1,30,40,1,8,0.0159846
3,64,128,2,1,30,40,1,16,0.008704
3,64,128,2,1,30,40,1,32,0.00502784
3,64,128,2,1,30,40,1,64,0.00315392
3,64,128,2,1,30,40,1,128,0.00318464
3,64,128,2,1,30,40,2,1,0.0636211
3,64,128,2,1,30,40,2,2,0.0318749
3,64,128,2,1,30,40,2,4,0.0159267
3,64,128,2,1,30,40,2,8,0.00869376
3,64,128,2,1,30,40,2,16,0.0050176
3,64,128,2,1,30,40,2,32,0.00313344
3,64,128,2,1,30,40,2,64,0.00303104
3,64,128,2,1,30,40,2,128,0.00306176
3,64,128,2,1,30,40,4,1,0.0327962
3,64,128,2,1,30,40,4,2,0.0159037
3,64,128,2,1,30,40,4,4,0.00873472
3,64,128,2,1,30,40,4,8,0.0050176
3,64,128,2,1,30,40,4,16,0.00313344
3,64,128,2,1,30,40,4,32,0.0030208
3,64,128,2,1,30,40,4,64,0.00304128
3,64,128,2,1,30,40,4,128,0.00325632
3,64,128,2,1,30,40,8,1,0.0155642
3,64,128,2,1,30,40,8,2,0.00845824
3,64,128,2,1,30,40,8,4,0.0048688
3,64,128,2,1,30,40,8,8,0.00344064
3,64,128,2,1,30,40,8,16,0.00335872
3,64,128,2,1,30,40,8,32,0.00326656
3,64,128,2,1,30,40,8,64,0.00336288
3,64,128,2,1,30,40,8,128,0.00458752
3,64,128,2,1,30,40,16,1,0.0121856
3,64,128,2,1,30,40,16,2,0.0065856
3,64,128,2,1,30,40,16,4,0.0059904
3,64,128,2,1,30,40,16,8,0.0049664
3,64,128,2,1,30,40,16,16,0.00436416
3,64,128,2,1,30,40,16,32,0.00401408
3,64,128,2,1,30,40,16,64,0.00544672
3,64,128,2,1,30,40,32,1,0.012247
3,64,128,2,1,30,40,32,2,0.0120218
3,64,128,2,1,30,40,32,4,0.0119603
3,64,128,2,1,30,40,32,8,0.0118477
3,64,128,2,1,30,40,32,16,0.0118682
3,64,128,2,1,30,40,32,32,0.012503
3,64,128,2,1,30,40,64,1,0.0121667
3,64,128,2,1,30,40,64,2,0.0120422
3,64,128,2,1,30,40,64,4,0.0118589
3,64,128,2,1,30,40,64,8,0.0118272
3,64,128,2,1,30,40,64,16,0.0123597
3,64,128,2,1,30,40,128,1,0.0122381
3,64,128,2,1,30,40,128,2,0.0120115
3,64,128,2,1,30,40,128,4,0.012135
3,64,128,2,1,30,40,128,8,0.0122778
3,128,128,1,1,15,20,1,1,0.229612
3,128,128,1,1,15,20,1,2,0.123884
3,128,128,1,1,15,20,1,4,0.0610714
3,128,128,1,1,15,20,1,8,0.0305664
3,128,128,1,1,15,20,1,16,0.0163034
3,128,128,1,1,15,20,1,32,0.00878592
3,128,128,1,1,15,20,1,64,0.00482304
3,128,128,1,1,15,20,1,128,0.0047616
3,128,128,1,1,15,20,2,1,0.116224
3,128,128,1,1,15,20,2,2,0.0590643
3,128,128,1,1,15,20,2,4,0.0305152
3,128,128,1,1,15,20,2,8,0.0159875
3,128,128,1,1,15,20,2,16,0.00876544
3,128,128,1,1,15,20,2,32,0.00480544
3,128,128,1,1,15,20,2,64,0.0047104
3,128,128,1,1,15,20,2,128,0.00470144
3,128,128,1,1,15,20,4,1,0.05888
3,128,128,1,1,15,20,4,2,0.0303206
3,128,128,1,1,15,20,4,4,0.0159744
3,128,128,1,1,15,20,4,8,0.00876192
3,128,128,1,1,15,20,4,16,0.00480256
3,128,128,1,1,15,20,4,32,0.00470592
3,128,128,1,1,15,20,4,64,0.00470016
3,128,128,1,1,15,20,4,128,0.00502784
3,128,128,1,1,15,20,8,1,0.029655
3,128,128,1,1,15,20,8,2,0.0155136
3,128,128,1,1,15,20,8,4,0.00841728
3,128,128,1,1,15,20,8,8,0.00531456
3,128,128,1,1,15,20,8,16,0.00519136
3,128,128,1,1,15,20,8,32,0.00503936
3,128,128,1,1,15,20,8,64,0.00516096
3,128,128,1,1,15,20,8,128,0.00764928
3,128,128,1,1,15,20,16,1,0.0218317
3,128,128,1,1,15,20,16,2,0.0113562
3,128,128,1,1,15,20,16,4,0.0102912
3,128,128,1,1,15,20,16,8,0.0082432
3,128,128,1,1,15,20,16,16,0.00668672
3,128,128,1,1,15,20,16,32,0.00561152
3,128,128,1,1,15,20,16,64,0.00934912
3,128,128,1,1,15,20,32,1,0.0219955
3,128,128,1,1,15,20,32,2,0.021801
3,128,128,1,1,15,20,32,4,0.0216742
3,128,128,1,1,15,20,32,8,0.0215693
3,128,128,1,1,15,20,32,16,0.0215245
3,128,128,1,1,15,20,32,32,0.0221389
3,128,128,1,1,15,20,64,1,0.0219443
3,128,128,1,1,15,20,64,2,0.0217824
3,128,128,1,1,15,20,64,4,0.0216474
3,128,128,1,1,15,20,64,8,0.0216269
3,128,128,1,1,15,20,64,16,0.0221798
3,128,128,1,1,15,20,128,1,0.0220195
3,128,128,1,1,15,20,128,2,0.0217498
3,128,128,1,1,15,20,128,4,0.0218317
3,128,128,1,1,15,20,128,8,0.0222003
1,128,64,1,0,15,20,1,1,0.0272282
1,128,64,1,0,15,20,1,2,0.0143018
1,128,64,1,0,15,20,1,4,0.00786432
1,128,64,1,0,15,20,1,8,0.00466944
1,128,64,1,0,15,20,1,16,0.00307136
1,128,64,1,0,15,20,1,32,0.00226304
1,128,64,1,0,15,20,1,64,0.00205824
1,128,64,1,0,15,20,1,128,0.00211968
1,128,64,1,0,15,20,2,1,0.0142966
1,128,64,1,0,15,20,2,2,0.00786432
1,128,64,1,0,15,20,2,4,0.00466944
1,128,64,1,0,15,20,2,8,0.00305152
1,128,64,1,0,15,20,2,16,0.00228224
1,128,64,1,0,15,20,2,32,0.00185344
1,128,64,1,0,15,20,2,64,0.00189888
1,128,64,1,0,15,20,2,128,0.0019472
1,128,64,1,0,15,20,4,1,0.00787456
1,128,64,1,0,15,20,4,2,0.00466944
1,128,64,1,0,15,20,4,4,0.00303104
1,128,64,1,0,15,20,4,8,0.0022736
1,128,64,1,0,15,20,4,16,0.00182272
1,128,64,1,0,15,20,4,32,0.001792
1,128,64,1,0,15,20,4,64,0.00180224
1,128,64,1,0,15,20,4,128,0.0018432
1,128,64,1,0,15,20,8,1,0.00456704
1,128,64,1,0,15,20,8,2,0.00294912
1,128,64,1,0,15,20,8,4,0.00221184
1,128,64,1,0,15,20,8,8,0.0018944
1,128,64,1,0,15,20,8,16,0.00181248
1,128,64,1,0,15,20,8,32,0.0018432
1,128,64,1,0,15,20,8,64,0.00186976
1,128,64,1,0,15,20,8,128,0.00193536
1,128,64,1,0,15,20,16,1,0.00350528
1,128,64,1,0,15,20,16,2,0.0024576
1,128,64,1,0,15,20,16,4,0.00229312
1,128,64,1,0,15,20,16,8,0.00186592
1,128,64,1,0,15,20,16,16,0.00186368
1,128,64,1,0,15,20,16,32,0.00192512
1,128,64,1,0,15,20,16,64,0.0021504
1,128,64,1,0,15,20,32,1,0.00349856
1,128,64,1,0,15,20,32,2,0.00349184
1,128,64,1,0,15,20,32,4,0.00353376
1,128,64,1,0,15,20,32,8,0.00366592
1,128,64,1,0,15,20,32,16,0.00375808
1,128,64,1,0,15,20,32,32,0.00390144
1,128,64,1,0,15,20,64,1,0.00351232
1,128,64,1,0,15,20,64,2,0.003584
1,128,64,1,0,15,20,64,4,0.0034816
1,128,64,1,0,15,20,64,8,0.00374208
1,128,64,1,0,15,20,64,16,0.0044032
1,128,64,1,0,15,20,128,1,0.00359424
1,128,64,1,0,15,20,128,2,0.00359424
1,128,64,1,0,15,20,128,4,0.00391168
1,128,64,1,0,15,20,128,8,0.00401408
1,64,1,1,0,60,80,1,1,0.221235
1,64,1,1,0,60,80,1,2,0.114033
1,64,1,1,0,60,80,1,4,0.0548659
1,64,1,1,0,60,80,1,8,0.027472
1,64,1,1,0,60,80,1,16,0.0144998
1,64,1,1,0,60,80,1,32,0.00795648
1,64,1,1,0,60,80,1,64,0.00759808
1,64,1,1,0,60,80,1,128,0.00777216
1,64,1,1,0,60,80,2,1,0.106414
1,64,1,1,0,60,80,2,2,0.0532317
1,64,1,1,0,60,80,2,4,0.0273715
1,64,1,1,0,60,80,2,8,0.0144077
1,64,1,1,0,60,80,2,16,0.00789504
1,64,1,1,0,60,80,2,32,0.00466944
1,64,1,1,0,60,80,2,64,0.00546976
1,64,1,1,0,60,80,2,128,0.0057344
1,64,1,1,0,60,80,4,1,0.0531456
1,64,1,1,0,60,80,4,2,0.0273203
1,64,1,1,0,60,80,4,4,0.014377
1,64,1,1,0,60,80,4,8,0.00797696
1,64,1,1,0,60,80,4,16,0.00439296
1,64,1,1,0,60,80,4,32,0.0044112
1,64,1,1,0,60,80,4,64,0.00444608
1,64,1,1,0,60,80,4,128,0.00511072
1,64,1,1,0,60,80,8,1,0.0263168
1,64,1,1,0,60,80,8,2,0.0136397
1,64,1,1,0,60,80,8,4,0.00729664
1,64,1,1,0,60,80,8,8,0.0052224
1,64,1,1,0,60,80,8,16,0.00508928
1,64,1,1,0,60,80,8,32,0.00504064
1,64,1,1,0,60,80,8,64,0.00535552
1,64,1,1,0,60,80,8,128,0.00854016
1,64,1,1,0,60,80,16,1,0.0173158
1,64,1,1,0,60,80,16,2,0.00954368
1,64,1,1,0,60,80,16,4,0.00904192
1,64,1,1,0,60,80,16,8,0.00760832
1,64,1,1,0,60,80,16,16,0.00629344
1,64,1,1,0,60,80,16,32,0.00485376
1,64,1,1,0,60,80,16,64,0.00854016
1,64,1,1,0,60,80,32,1,0.0172544
1,64,1,1,0,60,80,32,2,0.0174182
1,64,1,1,0,60,80,32,4,0.0175104
1,64,1,1,0,60,80,32,8,0.0176909
1,64,1,1,0,60,80,32,16,0.0181658
1,64,1,1,0,60,80,32,32,0.0185856
1,64,1,1,0,60,80,64,1,0.0173606
1,64,1,1,0,60,80,64,2,0.0173773
1,64,1,1,0,60,80,64,4,0.0174899
1,64,1,1,0,60,80,64,8,0.0177664
1,64,1,1,0,60,80,64,16,0.0187773
1,64,1,1,0,60,80,128,1,0.0173456
1,64,1,1,0,60,80,128,2,0.0173853
1,64,1,1,0,60,80,128,4,0.0175309
1,64,1,1,0,60,80,128,8,0.018473
1,64,65,1,0,60,80,1,1,0.22272
1,64,65,1,0,60,80,1,2,0.106082
1,64,65,1,0,60,80,1,4,0.059136
1,64,65,1,0,60,80,1,8,0.0274659
1,64,65,1,0,60,80,1,16,0.0144806
1,64,65,1,0,60,80,1,32,0.00790528
1,64,65,1,0,60,80,1,64,0.00713728
1,64,65,1,0,60,80,1,128,0.0077312
1,64,65,1,0,60,80,2,1,0.104765
1,64,65,1,0,60,80,2,2,0.0532173
1,64,65,1,0,60,80,2,4,0.0273818
1,64,65,1,0,60,80,2,8,0.0144074
1,64,65,1,0,60,80,2,16,0.00792576
1,64,65,1,0,60,80,2,32,0.0046592
1,64,65,1,0,60,80,2,64,0.00548864
1,64,65,1,0,60,80,2,128,0.00573088
1,64,65,1,0,60,80,4,1,0.0531501
1,64,65,1,0,60,80,4,2,0.0273101
1,64,65,1,0,60,80,4,4,0.0143658
1,64,65,1,0,60,80,4,8,0.00797696
1,64,65,1,0,60,80,4,16,0.00440096
1,64,65,1,0,60,80,4,32,0.0044032
1,64,65,1,0,60,80,4,64,0.00443392
1,64,65,1,0,60,80,4,128,0.00513024
1,64,65,1,0,60,80,8,1,0.0263312
1,64,65,1,0,60,80,8,2,0.0136477
1,64,65,1,0,60,80,8,4,0.00730112
1,64,65,1,0,60,80,8,8,0.00523424
1,64,65,1,0,60,80,8,16,0.00507904
1,64,65,1,0,60,80,8,32,0.00506656
1,64,65,1,0,60,80,8,64,0.00539648
1,64,65,1,0,60,80,8,128,0.0085376
1,64,65,1,0,60,80,16,1,0.0172253
1,64,65,1,0,60,80,16,2,0.00951296
1,64,65,1,0,60,80,16,4,0.0089936
1,64,65,1,0,60,80,16,8,0.00758784
1,64,65,1,0,60,80,16,16,0.00626528
1,64,65,1,0,60,80,16,32,0.0048448
1,64,65,1,0,60,80,16,64,0.00850944
1,64,65,1,0,60,80,32,1,0.0171008
1,64,65,1,0,60,80,32,2,0.0172851
1,64,65,1,0,60,80,32,4,0.0173363
1,64,65,1,0,60,80,32,8,0.0174467
1,64,65,1,0,60,80,32,16,0.0177152
1,64,65,1,0,60,80,32,32,0.0188723
1,64,65,1,0,60,80,64,1,0.017193
1,64,65,1,0,60,80,64,2,0.0172032
1,64,65,1,0,60,80,64,4,0.0172954
1,64,65,1,0,60,80,64,8,0.0175005
1,64,65,1,0,60,80,64,16,0.0190054
1,64,65,1,0,60,80,128,1,0.0171622
1,64,65,1,0,60,80,128,2,0.0172442
1,64,65,1,0,60,80,128,4,0.0173565
1,64,65,1,0,60,80,128,8,0.0187392
